Reel Number,Extracted Text
1,"If there is a page dedicated to
how things are formed

Follow @howthingsformed"
10,"If there is a page dedicated to
how things are formed

Follow @howthingsformed"
100,"If only there was a page dedicated to
how things are formed

Me AST"
1000,"HOW SADDLES ARE
MADE"
1001,"HOW FIRECRACKER IS
MADE"
1002,"MAKING A HANDMADE
PEN"
101,"If only there was a page dedicated to
how things are formed"
102,"If only there was a page dedicated to
how things are formed"
103,"If only there was a page dedicated to
how things are formed"
104,"If only there was a page dedicated to
how things are formed"
105,"If only there was a page dedicated to
how things are formed"
106,"If only there was a page dedicated to
how things are formed"
107,"If only there was a page dedicated to
how things are formed"
108,"If only there was a page dedicated to
how things are formed"
109,"If only there was a page dedicated to
how things are formed

Follow (@howthingsformed"
11,"If there is a page dedicated to
how things are formed

. |
Follow @howthingsformed"
110,"If only there was a page dedicated to
how things are formed

Follow @howthingsformed"
111,"If only there was a page dedicated to
how things are formed"
112,"If only there was a page dedicated to
how things are formed"
113,"If only there was a page dedicated to
how things are formed"
114,"If only there was a page dedicated to
how things are formed"
115,"If only there was a page dedicated to
how things are formed"
116,"If only there was a page dedicated to
how things are formed"
117,"If only there was a page dedicated to
how things are formed"
118,"If only there was a page dedicated to
how things are formed"
119,"If only there was a page dedicated to
how things are formed"
12,"If there is a page dedicated to
how things are formed

Follow @howthingsformed"
120,If only there was a page dedicated to
121,"If only there was a page dedicated to
how things are formed"
122,"If only there was a page dedicated to
how things are formed"
123,"If only there was a page dedicated to
how things are formed"
124,"If only there was a page dedicated to
how things are formed"
125,"If only there was a page dedicated to
how things are formed"
126,"If only there was a page dedicated to
how things are formed"
127,"If only there was a page dedicated to
how things are formed"
128,"If only there was a page dedicated to
how things are formed"
129,"If only there was a page dedicated to
how things are formed

Gre"
13,"If there is a page dedicated to
how things are formed

Follow @howthingsformed"
130,"If only there was a page dedicated to
how things are formed"
131,"If only there was a page dedicated to
how things are formed"
132,"If only there was a page dedicated to
how things are formed"
133,"If only there was a page dedicated to
how things are formed"
134,"If only there was a page dedicated to
how things are formed

——"
135,"If only there was a page dedicated to
how things are formed"
136,"If only there was a page dedicated to
how things are formed"
137,"If only there was a page dedicated to
how things are formed"
138,"If only there was a page dedicated to
how things are formed"
139,"If only there was a page dedicated to
how things are formed"
14,"If there is a page dedicated to
how things are formed

Follow @howthingsformed"
140,
141,"If only there was a page dedicated to
how things are formed"
142,"If only there was a page dedicated to
how things are formed"
143,"If only there was a page dedicated to
how things are formed"
144,"If only there was a page dedicated to
how things are formed"
145,"If only there was a page dedicated to
how things are formed"
146,"If only there was a page dedicated to
how things are formed"
147,"If only there was a page dedicated to
how things are formed"
148,"If only there was a page dedicated to
how things are formed"
149,"If only there was a page dedicated to
how things are formed"
15,"If there is a page dedicated to
how things are formed

Follow @howthingsformed"
150,See * this is how shirt buttons are made
151,This is how Koreans made their beers «*
152,"If only there was a page dedicated to
how things are formed"
153,"If only there was a page dedicated to
how things are formed"
154,"If only there was a page dedicated to
how things are formed"
155,"If only there was a page dedicated to
how things are formed"
156,"If only there was a page dedicated to
how things are formed"
157,"If only there was a page dedicated to
how things are formed"
158,"If only there was a page dedicated to
how things are formed"
159,"If only there was a page dedicated to
how things are formed"
16,"If there is a page dedicated to
how things are formed"
160,"If only there was a page dedicated to
how things are formed"
161,(© Ghowthingsformed
162,"If only there was a page dedicated to
how things are formed"
163,"Me waiting after sin

to get 100"
164,"If only there was a page dedicated to
how things are formed"
165,"If only there was a page dedicated to
how things are formed"
166,"If only there was a page dedicated to
how things are formed

4"
167,
168,"If only there was a page dedicated to
how things are formed"
169,"If only there was a page dedicated to
how things are formed"
17,"If there is a page dedicated to
how things are formed"
170,"lonly there was a page dedicated to
how things are formed"
171,"If only there was a page dedicated to
how things are formed

q"
172,"If only there was a page dedicated to
how things are formed"
173,"If only there was a page dedicated to
how things are formed"
174,"If only there was a page dedicated to
how things are formed"
175,"If only there was a page dedicated to
how things are formed"
176,"If only there was a page dedicated to
how things are formed"
177,"If only there was a page dedicated to
how things are formed"
178,"If only there was a page dedicated to
how things are formed"
179,"If only there was a page dedicated to
how things are formed"
18,"If there is a page dedicated to
how things are formed"
180,"If only there was a page dedicated to
how things are formed"
181,"If only there was a page dedicated to
how things are formed"
182,"If only there was a page dedicated to
how things are formed"
183,"If only there was a page dedicated to
how things are formed"
184,"If only there was a page dedicated to
how things are formed"
185,"If only there was a page dedicated to
how things are formed"
186,"If only there was a page dedicated to
how things are formed"
187,"If only there was a page dedicated to
how things are formed"
188,"If only there was a page dedicated to
how things are formed"
189,"If only there was a page dedicated to
how things are formed"
19,"If there is a page dedicated to
how things are formed"
190,"If only there was a page dedicated to
how things are formed"
191,"If only there was a page dedicated to
how things are formed"
192,"If only there was a page dedicated to
how things are formed"
193,"If only there was a page dedicated to
how things are formed"
194,"If only there was a page dedicated to
how things are formed"
195,"If only there was a page dedicated to
how things are formed"
196,"If only there was a page dedicated to
how things are formed"
197,"If only there was a page dedicated to
how things are formed"
198,"ro @howthingsformed @

If only there was a page dedicated to
how things are formed"
199,"4 @howthingsformed @

If only there was a page dedicated to
how things are formed"
2,"If there is a page dedicated to
how things are formed

Follow @howthingsformed"
20,"If there is a page dedicated to
how things are formed

/

:

™

<— o

\
_ =

Follow @howthingsformed"
200,"rhe @

If only there was a page dedicated to
how things are formed"
201,"+o @howthingsformed ®

If only there was a page dedicated to
how things are formed
as"
202,"How

If only there was a page dedicated to
how things are formed"
203,#NAME?
204,"""_ @howthingsformed

If only there was a page dedicated to
how things are formed"
205,#NAME?
206,#NAME?
207,"* @howthingsformed @

If only there was a page dedicated to
how things are formed"
208,"4"" @howthingsformed &"
209,#NAME?
21,"If there is a page dedicated to
how things are formed

Follow @howthingsformed"
210,"fo @howthingsformed

If only there was a page dedicated to
how things are formed"
211,
212,
213,
214,
215,
216,#NAME?
217,"@howthi:
ngsformed @

row"
218,
219,"3
gE
4
:
8"
22,"If there is a page dedicated to
how things are formed

Follow @howthingsformed"
220,"«= @howthingsformed

If only there was a page dedicated to
how things are formed"
221,"=  @howthingsformed@

If only there was a page dedicated to
how things are formed"
222,"If only there was a page that posts how
things are made in the world...."
223,"If only there was a page that posts how
things are made in the world...."
224,"If only there was a page that posts how
things are made in the world...."
225,"If only there was a page that posts how
things are made in the world...."
226,"If only there was a page that posts how
things are made in the world....

q he 2 os Ay
7a? oa” Cay"""
227,"If only there was a page that posts how
things are made in the world...."
228,"If only there was a page that posts how
things are made in the world...."
229,"If only there was a page that posts how
things are made in the world...."
23,"If there is a page dedicated to
how things are formed

Follow {©} @howthingsformed"
230,"If only there was a page that posts how
things are made in the world...."
231,"If only there was a page that posts how
things are made in the world...."
232,"If only there was a page that posts how
_things are made in the world...."
233,"If only there was a page that posts how
things are made in the world"
234,"If only there was a page that posts how
things are made in the world...."
235,"If only there was a page that posts how
things are made in the world...."
236,"If only there was a page that posts how
things are made in the world..."
237,"If only there was a page that posts how
things are made in the world....
. :"
238,"If only there was a page that posts how
things are made in the world....

| x]"
239,"If only there was a page that posts how
things are made in the world...
nm"""
24,"If there is a page dedicated to
how things are formed

ae

Follow (©) @howthingsformed"
240,"If only there was a page that posts how
things are made in the world...."
241,"If only there was a page that posts how
things are made in the world...."
242,"If only there was a page that posts how
things are made in the world..."
243,"If only there was a page that posts how
things are made in the world...

er year"
244,"If only there was a page that posts how
things are made in the world...."
245,"If only there was a page that posts how
things are made in the world...."
246,
247,"If only there was a page that posts how
things are made in the world...."
248,"If only there was a page that posts how
things are made in the world..."
249,"If only there was a page that posts how
things are made in the world."
25,"If there was a page dedicated to
how things are formed

Follow {©} @howthingsformed"
250,\\ 4
251,"ES
°
£
a
fH)
a
°
[oy
-
©
s
=
oO
Da
©
fo
©
a
©
s
oO
i
oO
f=
=
2
c
°
Pas

things are made in the world..."
252,"If only there was a page that posts how
things are made in the world....
sl | tt 5"
253,"If only there was a page that posts how
things are made in the world...."
254,"If only there was a page that posts how
things are made in the world"
255,"If only there was a page that posts how
things are made in the world....

i}"
256,"If only there was a page that posts how
things are made in the world...."
257,"If only there was a page that posts how
things are made in the world...."
258,"If only there was a page that posts how
things are made in the world...."
259,"If only there was a page that posts how
things are made in the world....
= Mla ]

7. anu"
26,"If there is a page dedicated to
how things are formed

4
Follow (©) @howthingsformed"
260,"If only there was a page that posts how
things are made in the world..."
261,"If only there was a page that posts how
things are made in the world...."
262,"If only there was a page that posts how
things are made in the world....

Sn Lea"
263,"If only there was a page that posts how
things are made in the world...
‘| 2

a, is. ASN"
264,"If only there was a page that posts how
things are made in the world...."
265,"If only there was a page that posts how
things are made in the world...."
266,"If only there was a page that posts how
things are made in the world...."
267,"If only there was a page that posts how
things are made in the world...."
268,"If only there was a page that posts how
things are made in the world...."
269,"If only there was a page that posts how
things are made in the world..."
27,
270,If only there was a page that posts how
271,
272,"If only there was a page that posts how
things are made in the world...."
273,
274,"If only there was a page that posts how
things are made in the world...."
275,"If only there was a page that posts how
things are made in the world...."
276,"If only there was a page that posts how
things are made in the world...."
277,"If only there was a page that posts how
things are made in the world..."
278,"If only there was a page that posts how
things are made in the world...."
279,"If only there was a page that posts how
things are made in the world..."
28,"If there is a page dedicated to
how things are formed

SSS — .
Follow (© @howthingsformed"
280,"If only there was a page that posts how
things are made in the world....

[|"
281,"If only there was a page that posts how
things are made in the world..."
282,"If only there was a page that posts how
things are made in the world..."
283,"reer cert a

3
°
és
an
f)
a
fe)
a
=
©
c=
z=
oO
fe)
©
Qa
©
a
©
s
oO
—_
oO
fs
=
2
=
°
ees

things are made in the world...."
284,"If only there was a page that posts how
things are made in the world...."
285,"If only there was a page that posts how
things are made in the world...."
286,"If only there was a page that posts how
things are made in the world...."
287,"If only there was a page that posts how
things are made in the world..."
288,"If only there was a page that posts how
things are made in the world...
' r ¢

— ra
}"
289,"If only there was a page that posts how
things are made in the world...."
29,"If there is a page dedicated to
how things are formed

Follow @ @howthingsformed"
290,"If only there was a page that posts how
things are made in the world...."
291,"If only there was a page that posts how
things are made in the world..."
292,"If only there was a page that posts how
things are made in the world...."
293,"If only there was a page that posts how
things are made in the world...."
294,"If only there was a page that posts how
things are made in the world...

te te te fl Py mw FE

- Hi i nt elt

Nid)

|
/ \"
295,"If only there was a page that posts how
things are made in the world...."
296,"If only there was a page that posts how
things are made in the world...
os"
297,"If only there was a page that posts how
things are made in the world..."
298,"If only there was a page that posts how
things are made in the world..."
299,"If only there was a page that posts how
things are made in the world..."
3,"If there is a page dedicated to
how things are formed

Follow @howthingsformed"
30,"If there is a page dedicated to
how things are formed

Follow {[@) @howthingsformed"
300,"If only there was a page that posts how
things are made in the world...."
301,"If only there was a page that posts how
things are made in the world..."
302,"If only there was a page that posts how
things are made in the world...."
303,"If only there was a page that posts how
things are made in the world..."
304,"If only there was a page that posts how
things are made in the world...."
305,"If only there was a page that posts how
things are made in the world...."
306,"If only there was a page that posts how
things are made in the world..."
307,"If only there was a page that posts how
things are made in the world...."
308,"If only there was a page that posts how
things are made in the world...."
309,"If only there was a page that posts how
things are made in the world...."
31,"If there is a page dedicated to
how things are formed

Follow @howthingsformed"
310,"If only there was a page that posts how
things are made in the world...."
311,"If only there was a page that posts how
things are made in the world...."
312,
313,"If only there was a page that posts how
things are made in the world...
res a” oe

a aw"
314,"If only there was a page that posts how
things are made in the world...
_ a

Have you ever seen a doll
get hair? ®"
315,"If only there was a page that posts how
things are made in the world....

NAP"
316,If only there was a page that posts how
317,"If only there was a page that posts how
things are made in the world....

z,"
318,"If only there was a page that posts how
things are made in the world....

—~w

’
C"
319,"If only there was a page that posts how
things are made in the world...."
32,"If only there is a page dedicated to
how things are formed

Follow © @howthingsformed"
320,"If only there was a page that posts how
things are made in the world..."
321,"If only there was a page that posts how
things are made in the world...."
322,"If only there was a page that posts how
things are made in the world..."
323,"If only there was a page that posts how
things are made in the world....

~

—

A"
324,"If only there was a page that posts how
things are made in the world...."
325,"If only there was a page that posts how
things are made in the world...."
326,"If only there was a page that posts how
things are made in the world...."
327,"If only there was a page that posts how
things are made in the world...

q"
328,"If only there was a page that posts how
things are made in the world...."
329,"If only there was a page that posts how
things are made in the world...."
33,"If there is a page dedicated to
how eee are formed

ors"
330,"If only there was a page that posts how
things are made in the world...."
331,"If only there was a page that posts how
things are made in the world..."
332,"If only there was a page that posts how
things are made in the world..."
333,"If only there was a page that posts how
things are made in the world...."
334,"If only there was a page that posts how
things are made in the world...."
335,"If only there was a page that posts how
things are made in the world...."
336,If only there was a page that posts how
337,"If only there was a page that posts how
things are made in the world..."
338,"If only there was a page that posts how
things are made in the world...."
339,"If only there was a page that posts how
things are made in the world..."
34,"If there is a page dedicated to
how things are formed

Follow @howthingsformed"
340,"If only there was a page that posts how
things are made in the world..."
341,"If only there was a page that posts how
things are made in the world...."
342,"If only there was a page that posts how
things are made in the world....

\ @"
343,"If only there was a page that posts how
things are made in the world..."
344,"If only there was a page that posts how
things are made in the world..."
345,"If only there was a page that posts how
things are made in the world..."
346,"If only there was a page that posts how
things are made in the world...."
347,"If only there was a page that posts how
things are made in the world...."
348,"If only there was a page that posts how
things are made in the world..."
349,"If only there was a page that posts how
things are made in the world....

17"
35,"Skilled master making the base
ball bat"
350,"If only there was a page that posts how
things are made in the world...."
351,"If only there was a page that posts how
things are made in the world..."
352,"If only there was a page that posts how
things are made in the world...."
353,"If only there was a page that posts how
things are made in the world...."
354,"If only there was a page that posts how
things are made in the world...."
355,"If only there was a page that posts how
things are made in the world...."
356,"If only there was a page that posts how
things are made in the world...."
357,"If only there was a page that posts how
things are made in the world..."
358,"If only there was a page that posts how
things are made in the world...."
359,"If only there was a page that posts how
things are made in the world..."
36,"If only there is a page dedicated to
how things are formed"
360,"If only there was a page that posts how
things are made in the world...."
361,"If only there was a page that posts how
things are made in the world...."
362,"If only there was a page that posts how
things are made in the world...."
363,"If only there was a page that posts how
things are made in the world...."
364,"If only there was a page that posts how
things are made in the world...
= =

Agee"
365,"If only there was a page that posts how
things are made in the world..."
366,"If only there was a page that posts how
things are made in the world..."
367,"If only there was a page that posts how
things are made in the world...."
368,"If only there was a page that posts how
things are made in the world...

@foodie_saurabh_"
369,"If only there was a page that posts how
things are made in the world..."
37,"If only there is a page dedicated to
how things are formed"
370,"If only there was a page that posts how
things are made in the world...."
371,"If only there was a page that posts how
things are made in the world.."
372,"If only there was a page that posts how
things are made in the world..."
373,"If only there was a page that posts how
things are made in the world...

Se) | Er
\ ¥"
374,"If only there was a page that posts how
things are made in the world..."
375,"If only there was a page that posts how
things are made in the world...

~

?
| a"
376,"If only there was a page that posts how
things are made in the world...."
377,"If only there was a page that posts how
things are made in the world...."
378,"If only there was a page that posts how
things are made in the world....

="
379,"If only there was a page that posts how
things are made in the world..."
38,"If only there is a page dedicated to

how things are formed"
380,"If only there was a page that posts how
things are made in the world...."
381,"If only there was a page that posts how
things are made in the world....

wn [)
-
i A"
382,"If only there was a page that posts how
things are made in the world...."
383,"If only there was a page that posts how
things are made in the world...."
384,"If only there was a page that posts how
things are made in the world...."
385,"If only there was a page that posts how
things are made in the world..."
386,"If only there was a page that posts how
things are made in the world...."
387,"If only there was a page that posts how
things are made in the world...."
388,"If only there was a page that posts how
things are made in the world...."
389,"If only there was a page that posts how
things are made in the world...

i ee"
39,"If only there is a page dedicated to
how things are formed"
390,"If only there was a page that posts how
things are made in the world...

=>"
391,"If only there was a page that posts how
things are made in the world...."
392,"If only there was a page that posts how
things are made in the world...."
393,"If only there was a page that posts how
things are made in the world...."
394,"If only there was a page that posts how
things are made in the world..."
395,"If only there was a page that posts how
things are made in the world..."
396,"If only there was a page that posts how
things are made in the world..."
397,"If only there was a page that posts how
things are made in the world...."
398,"If only there was a page that posts how
things are made in the world...."
399,"If only there was a page that posts how
things are made in the world...."
4,"If there is a page dedicated to
how things are formed

Follow @howthingsformed"
40,"If only there is a page dedicated to
how things are formed"
400,"If only there was a page that posts how
things are made in the world...."
401,"If only there was a page that posts how
things are made in the world...."
402,"If only there was a page that posts how
things are made in the world..."
403,"If only there was a page that posts how
things are made in the world...."
404,"If only there was a page that posts how
things are made in the world....

S Y
SSsSsZ
— y Sj"
405,"If only there was a page that posts how
things are made in the world...."
406,"If only there was a page that posts how
things are made in the world..."
407,"If only there was a page that posts how
things are made in the world..."
408,"If only there was a page that posts how
things are made in the world..."
409,"If only there was a page that posts how
things are made in the world...."
41,"If only there is a page dedicated to
how things are formed

Follow © @howthingsformed"
410,"If only there was a page that posts how
things are made in the world..."
411,"If only there was a page that posts how
things are made in the world..."
412,"If only there was a page that posts how
things are made in the world...."
413,"If only there was a page that posts how
things are made in the world...."
414,"If only there was a page that posts how
things are made in the world..."
415,"If only there was a page that posts how
things are made in the world...."
416,"If only there was a page that posts how
things are made in the world...."
417,"If only there was a page that posts how
things are made in the world...."
418,"If only there was a page that posts how
things are made in the world...."
419,"If only there was a page that posts how
things are made in the world...."
42,"Mass production of bike fuel tanks

— ee

Follow (| @howthingsformed"
420,"If only there was a page that posts how
things are made in the world...."
421,"If only there was a page that posts how
things are made in the world...."
422,"If only there was a page that posts how
things are made in the world...."
424,"If only there was a page that posts how
things are made in the world...."
425,"If only there was a page that posts how
things are made in the world...."
426,"If only there was a page that posts how
things are made in the world....

q ere -_
' —— = —,

@Pageonthingsbeingmade"
427,"If only there was a page that posts how
things are made in the world...."
428,"If only there was a page that posts how
things are made in the world...."
429,"If only there was a page that posts how
things are made in the world....

com"
43,"Manufacturing of eco-friendly food plates

=—

Follow (©) @howthingsformed"
430,"If only there was a page that posts how
things are made in the world...."
431,"If only there was a page that posts how
things are made in the world...."
432,"If only there was a page that posts how
things are made in the world...."
433,"If only there was a page that posts how
things are made in the world..."
434,"If only there was a page that posts how
things are made in the world...."
435,"If only there was a page that posts how
things are made in the world...."
436,"If only there was a page that posts how
things are made in the world..."
437,"If only there was a page that posts how
things are made in the world...."
438,"If only there was a page that posts how
things are made in the world...."
439,"If only there was a page that posts how
things are made in the world...."
44,"If only there is a page dedicated to
how things are formed

ee

Follow (6) @howthingsformed"
440,"If only there was a page that posts how
things are made in the world...."
441,"If only there was a page that posts how
things are made in the world...."
442,"If only there was a page that posts how
things are made in the world...."
443,"If only there was a page that posts how
things are made in the world...."
444,"If only there was a page that posts how
things are made in the world...."
445,"If only there was a page that posts how
things are made in the world...."
446,"If only there was a page that posts how
things are made in the world...
: i"
447,
448,"If only there was a page that posts how
things are made in the world...."
449,"If only there was a page that posts how
things are made in the world...."
45,"If only there is a page dedicated to
how things are formed
ee OOO, oo ee"
450,"If only there was a page that posts how
things are made in the world...."
451,"If only there was a page that posts how
things are made in the world...."
452,"If only there was a page that posts how
things are made in the world..."
453,"If only there was a page that posts how
things are made in the world..."
454,"If only there was a page that posts how
things are made in the world...."
455,"If only there was a page that posts how
things are made in the world...."
456,"If only there was a page that posts how
things are made in the world....

——

ea"
457,How SASS are made
458,"If only there was a page that posts how
things are made in the world...."
459,"If only there was a page on how thing work
in the world"
46,"If only there is a page dedicated to
how things are formed

Follow i] @howthingsformed"
460,"If only there was a page that posts how
things are made in the world..."
461,"If only there was a page that posts how
things are made in the world..."
462,"If only there was a page that posts how
things are made in the world...."
463,"How peanut butter is made
a Tg"
464,How tires are shaped
465,How customized zippers made
466,"How plastic water jugs are
made"
467,How light up shoes are made
468,How calendars are alike
469,"How roofing

he,

sheet is made"
47,"If only there is a page dedicated to
how things are formed"
470,
471,How sausages are made
472,How round cushion stools are
473,"How f

ruit bowls are made"
474,How kids hair ties are made
475,How moon jars are made
476,"How buckets are made
ee"
477,
478,How flat washers are made
479,How loud speakers are made
48,Making ropes from plastic wastage
480,"How coffee is So -
v4

= a= =i]"
481,How markers are printed
482,How glass jars are made
483,
484,How screws are made
485,How rings are made
486,"How pu caster wheels are made
a"
487,How cleaver knifes are made
488,How ships are made
489,How leather belts are made
49,"If only there is a page dedicated to
how things are formed

Follow i()] @howthingsformed"
490,"How paper cups are made

«a .\o"""
491,How towers are made
492,How springs are made
493,How planes are made
494,How car mats are made
495,How burgers are made
496,How plastic bats are made
497,"How Olympic curling stones are
made"
498,How large bolts are made
499,How nails are made
5,"If there is a page dedicated to
how things are formed

f
7"
50,"Making process of western ceramic commode

Follow (©) @howthingsformed"
500,How music boxes are made
501,How mugs are made
502,How basket balls are made
503,"How drum cans are made

, 4 i |"
504,How boots are made
505,How road Barriers are made
506,How vases are made
507,How tires are made
508,How terrestrial globes are made
509,"How shirts are made

= &"
51,"Assembling of motorcycle engine

Follow {@]@howthingsformed"
510,How phone cases are made
511,How food commercials are made
512,How train tracks are laid
513,How doughnuts are made
514,How chopping boards are made
515,"How candy is made

0"
516,How toy planes are made
517,How firecrackers are made
518,"How churros are made

a  :"
519,How Armatures are made
52,"manufacturing process of bike chain sprockets

Follow (©) @howthingsformed"
520,How ice cream is made
521,How brushes are made
522,How leather bags are made
523,"How water bottles are made
Ee"
524,How doorknobs are made
525,How gloves are made
526,How food commercials are made
527,How badminton rackets are made
528,How sugar is made
529,t-shirt hanging dye
53,"Mud micro oven making...

Follow (©) @howthingsformed"
530,How light bulbs are made
531,How large nuts are made
532,"How pencils are sharpened are
made

at) roe 4"
533,How boiling rings are made
534,How glass cups are made
535,How antique papers are made
536,How brass plates are made
537,"If only there was a page that posts how
things are made in the world...

a ar"" Tb 9 2 yw ~YER"
538,"If only there was a page that posts how
things are made in the world...."
539,"If only there was a page that posts how
things are made in the world...."
54,"Scissors manufacturing..

Follow (©) @howthingsformed"
540,"If only there was a page that posts how
things are made in the world...

en Dt, lO ll"
541,"If only there was a page that posts how
things are made in the world..."
542,"If only there was a page that posts how
things are made in the world...."
543,"If only there was a page that posts how
things are made in the world....

KS bal

hy i 8"
544,"If only there was a page that posts how
things are made in the world..."
545,
546,"If only there was a page that posts how
things are made in the world...

ee"
547,"If only there was a page that posts how
things are made in the world...."
548,"If only there was a page that posts how
things are made in the world....

, ."
549,"If only there was a page that posts how
things are made in the world..."
55,"manufacturing of door aldrop locks..

Follow [©] @howthingsformed"
550,"If only there was a page that posts how
things are made in the world...."
551,"If only there was a page that posts how
things are made in the world..."
552,"If only there was a page that posts how
things are made in the world...."
553,"If only there was a page that posts how
things are made in the world..."
554,"If only there was a page that posts how
things are made in the world...

ce a"
555,"If only there was a page that posts how
things are made in the world..."
556,
557,"If only there was a page that posts how
things are made in the world...."
558,"If only there was a page that posts how
things are made in the world..."
559,"If only there was a page that posts how
things are made in the world..."
56,"Making paper cones for textile industries

Follow (@}@howthingsformed"
560,"If only there was a page that posts how
things are made in the world..."
561,"If only there was a page that posts how
things are made in the world...."
562,"If only there was a page that posts how
things are made in the world...."
563,"If only there was a page that posts how
things are made in the world..."
564,"If only there was a page that posts how
things are made in the world...

eS ia 7 ="
565,"If only there was a page that posts how
things are made in the world...."
566,"If only there was a page that posts how
things are made in the world...."
567,"If only there was a page that posts how
things are made in the world...

\—)"
568,"If only there was a page that posts how
things are made in the world...."
569,
57,"If only there is a page dedicated to
how things are formed

Follow (©) @howthingsformed"
570,"If only there was a page that posts how
things are made in the world..."
571,"If only there was a page that posts how
things are made in the world...

Seow CA! WAN 6. 73°32 OR VE Se See | Ses"
572,"If only there was a page that posts how
things are made in the world...."
573,"If only there was a page that posts how
things are made in the world...."
574,"If only there was a page that posts how
things are made in the world....

mia
f Qi"
575,"If only there was a page that posts how
things are made in the world....

Seooooeocoso jy =
@2ee00 0 oh = ALS

pee"
576,"If only there was a page that posts how
things are made in the world...."
577,"If only there was a page that posts how
things are made in the world..."
578,"If only there was a page that posts how
things are made in the world....

y"
579,"If only there was a page that posts how
things are made in the world...."
58,"Electric transformers manufacturing unit...

Follow (@]@howthingsformed"
580,"If only there was a page that posts how
things are made in the world...."
581,"If only there was a page that posts how
things are made in the world...

ee"
582,"If only there was a page that posts how
things are made in the world..."
583,"If only there was a page that posts how
things are made in the world...."
584,"If only there was a page that posts how
things are made in the world..."
585,"If only there was a page that posts how
things are made in the world...."
586,"If only there was a page that posts how
things are made in the world..."
587,"If only there was a page that posts how
things are made in the world..."
588,"If only there was a page that posts how
things are made in the world...."
589,"If only there was a page that posts how
things are made in the world..."
59,Assembling of autorickshaw ....
590,"If only there was a page that posts how
things are made in the world..."
591,"If only there was a page that posts how
things are made in the world..."
592,"If only there was a page that posts how
things are made in the world..."
593,"If only there was a page that posts how
things are made in the world...."
594,"If only there was a page that posts how
things are made in the world...."
595,"If only there was a page that posts how
things are made in the world...."
596,"If only there was a page that posts how
things are made in the world..."
597,"If only there was a page that posts how
things are made in the world...."
598,"If only there was a page that posts how
things are made in the world...."
599,"If only there was a page that posts how
things are made in the world...."
6,"If there is a page dedicated to
how things are formed

Follow @howthingsformed"
60,"Crafting double helical pinion shaft...

Follow {@] @howthingsformed"
600,"If only there was a page that posts how
things are made in the world...."
601,"If only there was a page that posts how
things are made in the world..."
602,"If only there was a page that posts how
things are made in the world...

“Tw AL ie re"
603,"If only there was a page that posts how
things are made in the world...."
604,"If only there was a page that posts how
things are made in the world...."
605,"If only there was a page that posts how
things are made in the world...

wrt adhadg.
TTA

ve"
606,"If only there was a page that posts how
things are made in the world...."
607,"If only there was a page that posts how
things are made in the world..."
608,"If only there was a page that posts how
things are made in the world...."
609,"If only there was a page that posts how
things are made in the world..."
61,"Amazing bricks manufacturing...

Follow (©) @howthingsformed"
610,"If only there was a page that posts how
things are made in the world...

-"
611,"If only there was a page that posts how
things are made in the world...."
612,"If only there was a page that posts how
things are made in the world...."
613,"If only there was a page that posts how
things are made in the world...."
614,"If only there was a page that posts how
things are made in the world..."
615,"If only there was a page that posts how
things are made in the world...."
616,"If only there was a page that posts how
things are made in the world...."
617,"If only there was a page that posts how
things are made in the world..."
618,"If only there was a page that posts how
things are made in the world....

Sa 88 ii eae —""__,"
619,"If only there was a page that posts how
things are made in the world..."
62,"See @ how candles are made...

Follow {© @howthingsformed"
620,"If only there was a page that posts how
things are made in the world....

= 7h)"
621,"If only there was a page that posts how
things are made in the world...."
622,"If only there was a page that posts how
things are made in the world...

i: a | ee"
623,"If only there was a page that posts how
things are made in the world...."
624,"If only there was a page that posts how
things are made in the world...."
625,"If only there was a page that posts how
things are made in the world...."
626,"If only there was a page that posts how
things are made in the world...."
627,"If only there was a page that posts how
things are made in the world..."
628,"If only there was a page that posts how
things are made in the world...

4

(aN"
629,"If only there was a page that posts how
things are made in the world...."
63,"Handcrafting a wooden comb....

Follow {@) @howthingsformed"
630,"If only there was a page that posts how
things are made in the world...."
631,"If only there was a page that posts how
things are made in the world..."
632,"If only there was a page that posts how
things are made in the world...."
633,"If only there was a page that posts how
things are made in the world...."
634,"If only there was a page that posts how
things are made in the world...."
635,"If only there was a page that posts how
things are made in the world...

ee"
636,"If only there was a page that posts how
things are made in the world...."
637,"If only there was a page that posts how
things are made in the world..."
638,"If only there was a page that posts how
things are made in the world...."
639,"If only there was a page that posts how
things are made in the world..."
64,"Forks and spoons manufacturing .....

ia

Follow (6)@howthingsformed"
640,"If only there was a page that posts how
things are made in the world..."
641,"If only there was a page that posts how
things are made in the world..."
642,"If only there was a page that posts how
things are made in the world...

Te | 0 mame)"
643,"If only there was a page that posts how
things are made in the world...."
644,"If only there was a page that posts how
things are made in the world...."
645,"If only there was a page that posts how
things are made in the world..."
646,"If only there was a page that posts how
things are made in the world..."
647,"If only there was a page that posts how
things are made in the world...."
648,"If only there was a page that posts how
things are made in the world..."
649,"If only there was a page that posts how
things are made in the world..."
65,"Crafting a stone to make beautiful fountain ...

Follow {@)@howthingsformed"
650,"If only there was a page that posts how
things are made in the world...."
651,"If only there was a page that posts how
things are made in the world...."
652,"If only there was a page that posts how
things are made in the world..."
653,"If only there was a page that posts how
things are made in the world...."
654,"If only there was a page that posts how
things are made in the world....

as fF"
655,"If only there was a page that posts how
things are made in the world....

C—O"
656,"If only there was a page that posts how
things are made in the world...."
657,"If only there was a page that posts how
things are made in the world...

 - ZF 4"
658,"If only there was a page that posts how
things are made in the world..."
659,"If only there was a page that posts how
things are made in the world...."
66,"World's largest industrial gear manufacturing...

Follow (© @howthingsformed"
660,"If only there was a page that posts how
things are made in the world..."
661,"If only there was a page that posts how
things are made in the world..."
662,"If only there was a page that posts how
things are made in the world...."
663,"If only there was a page that posts how
things are made in the world..."
664,"If only there was a page that posts how
things are made in the world..."
665,"If only there was a page that posts how
things are made in the world....

Meteorite jewelry process"
666,"If only there was a page that posts how
things are made in the world...."
667,"If only there was a page that posts how
things are made in the world...."
668,"If only there was a page that posts how
things are made in the world...."
669,"If only there was a page that posts how
things are made in the world..."
67,"Hand crafted tabla ....

Follow (@)@howthingsformed"
670,"If only there was a page that posts how
things are made in the world..."
671,"If only there was a page that posts how
things are made in the world...."
672,"If only there was a page that posts how
things are made in the world...."
673,"If only there was a page that posts how
things are made in the world...."
674,"If only there was a page that posts how
things are made in the world....

eS ee"
675,"If only there was a page that posts how
things are made in the world...."
676,"If only there was a page that posts how
things are made in the world...."
677,"If only there was a page that posts how
things are made in the world...."
678,"If only there was a page that posts how
things are made in the world....

I FT 7 FT )~“epyP"
679,"If only there was a page that posts how
things are made in the world...."
68,"Amazing manufacturing process of rubber boots...

Follow [©] @howthingsformed"
680,"If only there was a page that posts how
things are made in the world..."
681,"If only there was a page that posts how
things are made in the world...."
682,"If only there was a page that posts how
things are made in the world..."
683,"If only there was a page that posts how
things are made in the world...."
684,"If only there was a page that posts how
things are made in the world...."
685,Volkswagen Tyre production
686,How sneakers are made
687,How tapes are made
688,How cars are made
689,Buckle spring bending process
69,"Iron nails manufacturing...

Follow {@)@howthingsformed"
690,How burgers are made
691,How to knit
692,How sneakers are made
693,How glassbowls are made
694,How handmade brushes are made
695,How vases are made
696,"How road signs are made

STs | |. <1 tl SD li. tl"
697,How nail polish is made
698,How tractor tyres are made
699,How cigarettes are made
7,"If there is a page dedicated to
how things are formed

Follow @howthingsformed"
70,"Making of beautiful cement tiles...

Follow ()@howthingsformed"
700,"Slippers production

@foodie_Saurabhs ——

1

“a"
701,How pamonha is made
702,How oil rigs are built
703,How locks are made
704,How phone cases are made
705,
706,How sugar cubes are made
707,How sachet water is made
708,How motorcycle rims are made
709,Meter box manufacturing
71,"Brass Diya manufacturing process...

Follow @howthingsformed"
710,"How japanese Pancake balls are made

- i. ae 8"
711,How vinyl records are made
712,How chain link fences are made
713,How shoe laces are made
714,"How ice cream cones are made

—. ee SS 1 /"
715,How watermelon tanghulu is made
716,How envelopes are made
717,How this scene in bad boys 4 was made
718,Car made from bathtub
719,Hydro dipping football boot
72,"Making an umbrella with a beautiful painting on it...

Follow {6)@howthingsformed"
720,"__@—_

How roofing sheet is made"
721,How croissant is made
722,How jeans are designed
723,Production of mozzarella cheese in Italy
724,"How leather belts are made

rv Ce rKiAn (awa"
725,How ham sausages are made
726,How pearls are made
727,"——

How Sapporo boiled eggs are made"
728,
729,How rubber shoe soles are made
73,"Manufacturing of aluminium fence gate...

Follow (@)@howthingsformed"
730,"——

How toilet brush is made"
731,"——

How doughnuts are made"
732,"__@—_

How purses are made"
733,"How car mats are made

_ £4“Sh, SOS! |) ON eee."
734,"——

How shampoo bottles are filled"
735,"——

How plastic pallets are made"
736,"——(%)——

How pizza is made"
737,"How sculptures are made
with molten glass"
738,"__@—

The process of making a hand crafted
bracelet"
739,"——

How doll heads are made"
74,"See@ how badminton rackets are made...
ce 1 troy \ (

at ¥
Follow {@) @howthingsformed"
740,"How Swiss Emmentaler
Cheese Is Made"
741,"——

How golf balls are made"
742,"——

How pvc pipes are made"
743,"i

Process of making a large pizza"
744,How cinnamon is harvested
745,"——

How ketchup commercials are filmed"
746,"How watermelon juice is made

i ~—P"
747,"———

How tennis balls are made

md a LR"
748,How truck suspensions are made
749,How latex is extracted
75,"Manufacturing process of grass cutting machine...

Follow {6)@howthingsformed"
750,
751,"__@—

How belt buckles are made"
752,"%%

How plastic bottles are made

Mr

t
4),"
753,"__@—

How Blackstone Crispy Pizza Roll Ups

are made
ttt, i re"
754,"__@—_

How doughnuts are glazed

a |"
755,How dust cleaner brushes are made
756,"The process of creating artificial stone
with concrete"
757,"——— %

How moshi is made is japan"
758,"%%

How ice cream was made

nthe 1890s j"
759,How key copies are made
76,"Casting kakute ring out of keys...

Follow {6)@howthingsformed"
760,How raisins are made
761,How mirrors are made
762,"__@—

How basketballs are made"
763,"Step by step process of making brown
sugar"
764,"__@—_

Can you guess what’s being made?"
765,How soccer balls are made
766,How glass bottles are made
767,"__@—_

How gummy bears are made"
768,How erasers are made
769,"——— %

Thoughts on this?"
77,"Amazing manufacturing of diesel tanker truck...

Follow @howthingsformed"
770,"——

How make up is made"
771,"How movie scenes are made:
before and after cgi"
772,"——— %

How beef jerky is made"
773,How crab sticks are made
774,"__@—_

Thoughts on this

Cabbage model are so
real

he"
775,"4

How Taco Bell makes their eggs"
776,"——

Sweet desert making"
777,"——

How limousines are made
parti"
778,"How limousines are made
part 2"
779,"——

HOW RAMEN BOWLS
ARE DESIGNED"
78,"Amazing craftman making bamboo stick basket...

2a

Follow (6) @howthingsformed"
780,"__@—_

MAFALDINE PASTA"
781,"HOW ICE CREAM BARS
ARE MADE"
782,"HOW CHAINLINK FENCES
ARE MADE

""i i"
783,"——

PROCESS IF MAKING A
CUTTING BOARD"
784,"——

ART WITH COPPER WIRE
AND ELECTRICITY"
785,"__@—_

AMAZING ART"
786,"—————

HOMEMADE CHOCO
TACOS FOR THE SUMMER"
787,"CRYSTAL TEA POT
MAKING"
788,"————

HOW SPEEDOMETERS
ARE MADE"
789,
79,"If only there is a page dedicated to
how things are formed

Follow (@howthingsformed"
790,"TRADITIONAL WAY OF
MAKING PAPER"
791,"—————

HAND FORGED CLEAVER
MOUNTING HANDLES"
792,"——————

COPPER CORE CABLE
PRODUCTION"
793,"——

HOW SAFETY PINS ARE
MADE"
794,"__@—_

HOW CANDY IS MADE"
795,"——

HOW LARGE CHAINS ARE
MADE"
796,"——

HOW ANIMATED FILMES
ARE PHOTOGRAPHED"
797,"__@—

HOW KETCHUP IS MADE"
798,"HOW HONEY IS
. HARVESTED"
799,"__@—_

ROAD REPAIR"
8,"If there is a page dedicated to
how things are formed"
80,"Incredible making of glass award shields

Follow {@)@howthingsformed"
800,"HOW BIKE FUEL TANKS
ARE MADE"
801,"HOW RAZOR BLADE IS
MADE"
802,"BTS OF CASPER

Casper (i995) - BTS"
803,"CONSTRUCTING A
DOHYO

=sIN PROFESSIONAL, SUMO

fe fs sans"
804,"NATURAL OIL
EXTRACTION"
805,"HOW SHIRTS ARE
_ PRINTED"
806,"HOW ICE CREAM CONES
ARE MADE"
807,"__@—

THOUGHTS ON THIS"
808,HOW BRICKS ARE MADE
809,"__@—_

DID YOU KNOW THIS?"
81,"Amazing technique for bending spiral blades

Follow (© @howthingsformed"
810,"——

HOW GLITTER IS MADE"
811,"—————

ANIMATING A
CHARACTER VOICE"
812,
813,"————

HOW MIRRORS ARE
MADE"
814,"—————

HOW RUBBER IS MADE
THE OLD WAY"
815,"——————
HOW BRICKS ARE MADE"
816,"——— %

HOW VAPE IS MADE"
817,"HOW BASKETBALLS ARE

- MADE
ath TT Vy \e SPY «#"
818,HOW SCREWS ARE MADE
819,"__@—_

THOUGHTS ON THIS

»*"
82,"Incredible making process of rope from
coconut coir

Follow {@)@howthingsformed"
820,"WHEEL ASSEMBLY HUB

PROCESS"
821,"—— ——

HANDMADE BAMBOO
CHAIR"
822,"—————

HOW WAFFLES WAS
MADE IN THE 1800’S"
823,"———

WASHER BENDING
PROCESS
2. De"
824,"——
HOW NORI IS MADE"
825,"——————

HOW PRINGLES ARE
MADE"
826,"HOW NOODLES ARE
MADE"
827,"——————
HOW TYRES ARE MADE"
828,"HOW SLIDES ARE
DESIGNED"
829,"HOW BOATS RAMPS ARE
MADE"
83,"Incredible machine technology that cuts
steel like butter _"
830,"4
Li
a
S
Z
Li
@®s
Y
T
U
S
fe)
="
831,"BELT CONVEYOR
ADJUSTMENT PROCESS"
832,"__(@g))
HOW MOCHI IS MADE"
833,"HOW RAMEN BOWLS

ARE DESIGNED"
834,"HOW SPIRAL LOGS ARE
MADE

INTERESTING
ENGINEERING

kT 2"
835,
836,"——— Ve

HOW UZBEK BREAD IS
MADE"
837,"a
=
4
S
>
@
=
="
838,"HOMEMADE FREEZER
POPS

MEMADE FREEZER

» POPS) 4
“hey than store-bought ep. 13"
839,"——

HOW STEEL PIPES ARE"
84,Amazing door lock mechanism
840,"PLASTIC WASTE INTO
ROPE"
841,"HOW ECO FRIENDLY
BRICKS ARE MADE"
842,"HAVE YOU TRIED AYRAN

Mi"
843,"__@—

HOW TILES ARE FIXED"
844,"BTS:LOVE AND
MONSTERS"
845,"HOW TENNIS BALLS ARE
MADE"
846,"THIS ARTIST USES A

CHAINSAW TO CREATE
“SCULPTURES,

wa
. “aie 2

~ This artist uses a chainsaw |
to create sculptures"
847,"{i )—______

WOULD YOU TRY THESE
SAMOSAS?"
848,"__@—_

HOW SALMON IS MADE

, en"
849,"a

HOW MONTREAL SMOKED
MEAT IS MADE

The process of making
Montreal Smoked Meat

The row of syringes in front of"
85,"If only there is a page dedicated to
how things are formed"
850,"——————
HOW SOAP IS MADE"
851,"—__—____/2)—__

INSIDE A CHICKEN
PROCESSING FACTORY

The Life of a
Fast- -Growing Chicken

This factory is nothing short of a
nightmare for chickens"
852,"——

COMMENT YOUR FAVORITE
MICHAEL JACKSON SONG"
853,"INSIDE AN ICE CREAM
_ FACTORY"
854,"HONEY EXTRACTION
PROCESS"
855,"y
[4
=
U
Lu
oll
Lu
LL
\e)
z
©
=
UV
=)
a
oO
[a4
a."
856,"TRADITIONAL TEA

MANUFACTURING FACTORY
PROCESS IN AMS"
857,"3D PRINTED BEEF

Would you dare to eat
beef —_ by 3D printer

em ll

—
Can you believe that the beef you
eat might be 3D printed?"
858,HOW MONEY IS MADE
859,"——_ Ve

INSIDE A DOUGHNUT
FACTORY"
86,"If only there is a page dedicated to how things are
formed"
860,"——————

HOW GLOBES WERE MADE IN
1955"
861,"————
HOW POPCORN IS MADE

ee a."
862,"———————
HOW MONEY IS MADE

comment your local
currency

"" ="
863,"HOW TSHIRTS ARE MADE

CL OB ofp + i CS ss"
864,"HOW HOTDOGS ARE
MADE

Did You Know How Hot
Dogs Are Made? \@"
865,"—————

HOW MOUTAINS ARE
CREATED"
866,"——— a8 a
HOW CHAINS ARE MADE"
867,"———————

HOW FRENCH FRIES ARE
MADE"
868,"———

WOULD YOU TRY THIS
COCONUT ICE CREAM"
869,
87,"If only there is a page dedicated to
how things are formed"
870,"__@—

HOW NAILS ARE MADE

TS. oe"
871,"——— ———

HOW HELMETS ARE

DESIGNED"
872,"HOW POTATOE CHIPS
ARE MADE

Machines} SSCS"
873,"—————————

HOMEMADE PEACH
RINGS"
874,"———————

HOW CASSAR CHEESE IS
MADE"
875,"——(%@)—_—

HOW CYLINDERS ARE
MADE"
876,"————

HOW RAILWAY TRACKS
ARE MADE"
877,"__ a8 a
HOW ALFAJOR IS MADE"
878,"__@—_

HOW PLIERS ARE MADE

Me) ai an
ee"
879,"—————

HOW CRYSTAL GLASS IS
MADE"
88,"If only there is a page dedicated to
how things are formed"
880,"—__@—

Plat Lady (stage 1 - 5) in
process"
881,"HOW COCONUT DRINK IS
MADE

1 billion bottles of coconut
water are made every day

\"
882,"HOW KOREAN HOTDOGS
ARE MADE"
883,"HOW TRANSPARENT
KEYBOARDS ARE MADE"
884,"——___— 4 —____

BRITISH VINYL
MANUFACTURING DOC IN
THE 1960s"
885,"—————

HOW MANGO ICE STICKS"
886,"__@—_

HOW RICE IS BAGGED"
887,"—___@)—_—

HOW THE MOST
EXPENSIVE HAM IS MADE"
888,"__@—_

HOW CANDY IS MADE

_ ao"
889,"—————————

HOW CHEETOS ARE MADE"
89,"If only there is a page dedicated to how
things are formed"
890,"—————————

HOW WOODEN SLAT ARE
MADE"
891,"——(%@)——

HOW CPU IS MADE"
892,"————

HOW GASOLINE IS MADE"
893,"—————

HOW FENCES ARE MADE"
894,"——

HOW PAPER STRAWS ARE
MADE

Ni

oa 8
B Ay. bh"
895,"——(%@)——

HOW OLYMPIC MEDALS
ARE MADE"
896,"HOW ROOFING SHEETS
ARE MADE"
897,HOW SANDALS ARE MADE
898,
899,"———_ Ve

HOW TOOHBRUSHES ARE"
9,"If there is a page dedicated to
how things are formed

Follow @howthingsformed"
90,"If only there is a page dedicated to how
things are formed

Follow (©)|@howthingsformed"
900,"4

WHY CLAY MODELING IS
IS CRUCIAL TO CAR
DESIGN"
901,"HOW RUBBER IS
EXTRACTED FROM TREES"
902,"———————

HOW DOMINOS PIZZA IS
MADE"
903,"——————————

MAKING THE WORLDS

~ MOST EXPENSIVE CHALK"
904,"—————

HOW CONDOMS ARE
MADE"
905,"—__@—

HOW FAST HOUSES CAN
BE BUILT"
906,"———

MAN HOLE HOODIES?"
907,"——————

HOW JASMINE OIL IS
MADE"
908,"—————————

HOW GUN BARREL
RIFLING IS MADE"
909,"——————

HOW MARKERS ARE
MADE"
91,"If only there is a page dedicated to how
things are formed"
910,"———————

HOW CAST IRON IS MADE"
911,"————

HOW ETERNALS (2021)
WAS MADE"
912,"HOW CHAINS ARE MADE
MANUALLY

bay ~

j
|"
913,"GEORGE BY ARTIST BEN
KORACEVIC"
914,"——(%@)——

HOW BEER MUGS ARE
MADE"
915,"4 —__

HOW CATTLE FEED IS
MADE"
916,"——————

HOW CUTTING DISC IS
MADE"
917,"MOTORCYCLE FENDER
MEE ING PROCESS"
918,"HOW TO BUILD A
CONCRETE ROAD

#
ij
| “an
=< 4
r]
&"
919,"RECYCLING SOAP

Turning used hotel soap
into new bars"
92,"If only there is a page dedicated to how
things are formed"
920,"HOW SURF BOARDS ARE
MADE"
921,"INSIDE A KOREAN POWER
STRIP FACTORY"
922,"———

REVIVING USED TIRES"
923,"—————

HOW THE WORLD CUP IS
MADE"
924,"—————

BEHIND THE SCENES OF
CRAFTING KACHIWARI"
925,"__@—_

HOW TIRES ARE MADE"
926,"———————

HOW MOVIE SCENES ARE
_ FILMED"
927,"ELECTRICITY WIRES BEING
set tasecoeael WRAPPED"
928,"HOW VIDEO GAMES ARE
FILMED"
929,"———————
HOW VINYL RECORDS
ARE MADE"
93,"If only there is a page dedicated to how
things are formed"
930,HOW LEATHER BELTS ARE
931,"HOW CONNECTING RODS
ARE FORGED"
932,"———————

TURNING CHIP BAGS INTO
SUNGLASSES"
933,"__@—_

HOW BREAD IS MADE"
934,"——— wa

CERAMIC TRANSFER
PRINTING PROCESS"
935,"HOW SAFETY HELMETS
“ARE MADE"
936,"——————

HOW CUSTOM RINGS ARE
MADE"
937,"HOW COMMERCIALS ARE
FILMED
hall"
938,"———————

HOW KEY COPIES ARE
MADE"
939,"How this scene in ""Hail, Caesar!""
(2016) was filmed using the
reverse effect"
94,This is how load bearing arch bridge model looks
940,"__@—_

How eyeglasses are
assembled"
941,"———

HOW ELECTRICAL
TAPE IS MADE"
942,"TT a8 a
HOW TRANSFORMER
2007 WAS MADE"
943,"HOW NUTCRACKER
DOLLS ARE MADE"
944,"HOW LEATHER PURSES
ARE MADE"
945,"——— %%

HOW GLASS BOTTLE
ARE MADE"
946,"——— %

COMMERCIAL CAP
FLASHING"
947,"—— | %%

HOW PEARLS ARE
MADE"
948,"__@—_

HOW SOLAR PANELS

ARE MADE
SSE | ee"
949,"——— %

HOW TRADITIONAL
BRUSHES WERE MADE"
95,"If only there is a page dedicated to how
things are formed"
950,"——— %

HOW MACARONI
PASTA IS MADE"
951,"——— %

HOW GLASSES WERE
MADE IN THE 1960S"
952,"__@—_

BEAD PEARLS
EMBROIDERY

nn ee lll"
953,
954,"——

HOW PENS ARE MADE"
955,"—— %

HOW SILICONE MOULDS
ARE MADE"
956,"HOW SPRINGS ARE
MADE"
957,"HOW ROLLS ROYCE ARE

PAINTED
im 6S 6 een"
958,"——— %

HOW POLISHED STONE
FURNITURE IS MADE"
959,"———

HOW VINYL RECORDS
ARE MADE

-m OS J TP:"
96,"If only there was a page dedicated to how
things are formed"
960,"——— %

HOW CAR MATS ARE
MADE"
961,"——— %

TRADITIONAL BREAD IN
UZBEKISTAN"
962,"———————

MAKING AN
ORNAMENT DISPLAY
WITH SUGAR"
963,"——————

GARLIC BREAD MADE
IN KOREA"
964,"INSIDE A DOLL
FACTORY"
965,"——(%)——

CHARCOAL ART
BY: BIZHI520520"
966,"__@—

SAND CASTING AN
SBALL @ OUT OF NAILS"
967,"HOW SHAWARMA IS
MADE"
968,"———

HOW COCONUT MEAT IS
EXTRACTED"
969,"__@—_

HOW MITARASHI
ANMAKIIS MADE"
97,"If only there was a page dedicated to how
things are formed

ys Wi} a
/ \| — 1
i i |
— —
Ko
© ‘i
Ye ~ in| |
y ‘|G! ||
i |
= ale |
q - '
\ v
\ [ L
< } 1
5 h
4 a y
IN
\ a ]
i ;
N 4} \
y ya A
QD A la\
5 AA
;
d
(
*
‘

J
yy ==
ve"
970,"ig

THIS IS THE COOLEST
HALLOWEEN TRICK!!!

DIY FLYING BAT
7"
971,"HOW WATERMELON
JUICE IS MADE IN
TAIWAN"
972,"LARGE BUCKETS
MANUFACTURING"
973,"—__@—

HOW WELLS ARE MADE"
974,"——— %%

HOW TATTOOS ARE
DRAWN"
975,"—————

THE PROCESS OF
MAKING A CANOE"
976,"——————

RESTORING A 60 YEARS
OLD GUITAR"
977,"HOW TO MAKE A RING
FROM A COIN

Pope \
: © y"
978,"—————

HOW BUSINESS CARDS
ARE PRINTED"
979,"RESTORATION OF
BIRKENSTOCKS"
98,"If only there was a page dedicated to
how things are formed"
980,"INSTALLING A DRIVEWAY
SECURITY POST"
981,"HOW APPLE JUICE
IS MADE"
982,"3 &chainsawjenna

CARVING A RACING"
983,"og ®cayakkabi_tamircim

SHOE REPAIR"
984,"PINEAPPLE RICE WITH
STEAK, CHICKEN, AND"
985,"HOW TO MAKE DAILY
LEATHER DIARY"
986,"MAKING HANDMADE
TAILORED TROUSERS"
987,"VINYL WRAP IN THE
KITCHEN"
988,"———

IPHONE BACK GLASS
REPLACEMENT"
989,HOW COOKIE CUTTERS
99,"If only there was a page dedicated to

how things are formed"
990,"og €fluo_li_rong_art

HYPER REALISTIC CLAY
SCULPTURE"
991,"——————

HOW A CAMERAMAN
TRACKS A BASKETBALL

a /
a> Vv im"
992,"— ——

MESSI TATTOO
ASMR"
993,"Q
al
OW
60
WS
<a

 )2 >
24
qu
Is
35
I"
994,"__@—_

HOW MOCHIIS MADE"
995,"a

HOW TO COOK A
TURKEY"
996,"DUTCH HIGHWAY TUNNEL
BUILT IN A ONE WEEKEND"
997,"HOW BASEBALL BATS ARE
PAINTED"
998,"——(%)——

FROM GAS CYLINDER TO
HEATING STOVE"
999,"——| *%

SOUND EFFECT FOR VINTAGE
SCENES"
